{"cameraMode":{"drawMode":0,"name":"Shaded","section":"Shading Mode"},"sceneLighting":true,"audioPlay":false,"sceneViewState":{"showFog":true,"showMaterialUpdate":false,"showSkybox":true,"showFlares":true,"showImageEffects":true,"showParticleSystems":true},"in2DMode":false,"pivot":{"x":28.087646484375,"y":148.22984313964845,"z":-145.412841796875},"rotation":{"x":0.0343073233962059,"y":-0.16859279572963715,"z":0.005871272645890713,"w":0.9850711226463318},"size":92.39163208007813,"orthographic":false}